nom	sources	episodes	connaissances	limites	carte
Livre des Ombres	Book_of_Shadows	S01E01 S01E03 S03E13 S05E08 S07E21	Livre familial de connaissances, formules et recettes transmis depuis Melinda Warren. Ses défenses dépendent notamment de l'état des sœurs : la corruption de Bride and Gloom affecte le livre ; Bacarra contourne sa protection avec une potion masquant le Bien ; Zankou exploite leur déstabilisation. L'exception de S01E03 permet déjà de toucher et déplacer le livre jusqu'au seuil.	La protection n'est donc ni une impossibilité absolue de vol ni un détecteur infaillible d'identité. Possession, lecture et exécution d'une formule restent distinctes. Aucune encyclopédie exhaustive ni indestructibilité universelle établie. Les pouvoirs ajoutés dans les comics sont écartés.	Livre familial de connaissances magiques, de formules et de recettes, doté de protections contre le mal dont l'efficacité dépend du contexte.
Grimoire de la Source	The_Grimoire;Womb_Raider/Script	S04E19 S04E21	Livre maléfique associé aux rites de couronnement et de transfert de la Source. Il se défend contre le Bien et résiste à la potion essayée par Piper. Le transfert envisagé avec le Sorcier dépend d'un rite, du sang et d'une incantation, pas de la seule possession. Après les événements de Womb Raider, Leo emporte le livre pour le cacher dans les Andes occidentales.	La résistance constatée ne prouve pas une invulnérabilité à tout moyen. Le rite de transfert n'est pas accompli comme prévu : ne pas le déclarer réussi. Sa dissimulation affecte sa disponibilité ultérieure. Exclure les développements avec Rennek issus des comics.	Livre de magie maléfique lié aux rites de la Source. Il se protège du Bien et résiste aux moyens de destruction essayés contre lui.
Cristaux de protection, d'alarme et de confinement	Crystal_Cage;Sight_Unseen/Script;Womb_Raider/Script	S03E05 S04E13 S07E08	Prue décrit des cristaux de sidérite enchantés formant un réseau : l'entrée d'une cible déclenche des décharges et fait luire un cristal témoin. Le corpus local documente aussi trois cristaux protecteurs autour de Miss Donovan en S07E08, et l'activation puis le retrait d'un cristal en S04E13. Ces configurations doivent rester distinctes.	Cinq cristaux ne constituent pas un nombre universel. Le dialogue S03E05 soulève le risque pour un humain ou Kit sans établir leur immunité. Ne pas confondre alarme, barrière et cage. La disposition, l'enchantement et le maintien du dispositif comptent ; pas de rayon global inventé.	Cristaux enchantés pour former des dispositifs d'alarme, de protection ou de confinement. Leur préparation et leur disposition déterminent l'effet produit.
Cristal de localisation	Scry_Hard;Witch_Wars_%28episode%29	S06E21 S07E17	Pendule employé sur une carte pour une recherche magique. Dans Witch Wars, une bague de la grand-mère de Tali sert de lien pour rechercher son amulette. Dans Scry Hard, la recherche des parents miniaturisés échoue, puis Piper déplace le cristal pour désigner le manoir.	Un signal peut être provoqué par une personne : il ne garantit ni la sécurité du lieu ni la réussite spontanée du procédé. Le lien pertinent dépend de la recherche ; le sang n'est pas une condition universelle. Ces épisodes sont des précédents, pas des dates d'invention.	Pendule utilisé avec une carte géographique et un lien pertinent pour mener une recherche magique.
Bagues de Cupidon — Cupidon S02 et Coop S08	Cupid_Ring	S02E10 S08E17 S08E22	La bague du Cupidon de Heartbreak City intervient dans la perception et l'action sur les liens amoureux ; Drazi la vole et détourne son usage. Celle de Coop permet des voyages liés à l'amour, notamment avec Piper et Leo dans Forever Charmed. La destination suit le lien affectif et ne se comporte pas comme une sélection précise de date.	Conserver deux variantes chronologiques : le voyage temporel S08 ne prouve pas cette fonction dès S02. Prêt et vol sont possibles ; ne pas réserver l'usage à un propriétaire autorisé. Exclure les propriétés décrites seulement dans les comics. Le nombre maximal de voyageurs n'est pas établi.	Variante S02 : bague permettant de percevoir et d'influencer des liens amoureux, susceptible d'être détournée. Variante Coop S08 : bague permettant notamment de voyager dans le temps en suivant un lien d'amour, avec une destination parfois imprécise.
Boîte du Hollow	Hollow_Box	S04E13 S08E21	Contenant du Hollow, entité qui absorbe la magie du Bien comme du Mal. En S04E13, son inscription participe au confinement par une coopération du Bien et du Mal. En S08E21, une invocation atteint le Hollow sans transport préalable de la boîte : contenu, contenant et mode d'appel ne sont pas identiques.	La transcription S04E13 consultée directement soutient la coopération et l'inscription. Elle ne justifie pas une maîtrise automatique par le porteur. Distinguer renvoi du Hollow et devenir des pouvoirs absorbés ; le cas de Cole appelle une lecture contextualisée. Ne pas généraliser la méthode S04 à toute résolution S08.	Contenant lié au confinement du Hollow, une entité absorbant la magie. Son inscription intervient dans un rituel de confinement ; sa possession ne donne pas le contrôle de l'entité.
Anneau d'inspiration	Ring_of_Inspiration	S04E09	Anneau créé par une magie bénéfique pour voir et capturer des Muses et canaliser leur inspiration. Devlin le détourne. Les Muses enfermées peuvent être libérées ; la récupération de l'objet n'est pas en elle-même une destruction de ses capacités.	L'inspiration n'est ni une connaissance exacte de tous les événements ni une garantie de création réussie. Capacité maximale, durée de captivité et résistance exhaustive non établies. Distinguer les Muses effectivement capturées des Muses simplement présentes.	Anneau permettant de voir et d'enfermer des Muses pour canaliser leur inspiration. Les Muses captives peuvent être libérées.
Arbalète et projectiles d'Être des ténèbres	Darklighter_Crossbow;Blinded_by_the_Whitelighter/Script;Siren_Song/Script	S01E21 S03E11 S05E04	Arbalète associée à des projectiles empoisonnés menaçant les Êtres de lumière. Eames s'empare de l'arme ; Natalie est blessée par contact direct avec une flèche. Le poison n'agit pas nécessairement immédiatement. Le dialogue de Siren Song relève le risque pour Paige lié à son ascendance d'Être de lumière.	Arme, projectile, poison, blessure et effet doivent être suivis séparément. Un vol n'empêche pas tout usage par un autre être. Ne pas attribuer les pouvoirs d'Eames à l'arbalète. Aucun délai de mort, stock infini ou remède universel établi ici.	Arbalète utilisant des projectiles empoisonnés particulièrement dangereux pour les Êtres de lumière. Une flèche peut aussi blesser par contact direct.
Bague protectrice de Victor	Protection_Ring	S01E03	Bague à pierres de chrysolite portée par Victor dans Thank You for Not Morphing. Elle le protège contre les conséquences mortelles de la formule de sécurité employée par ses filles, sans empêcher toute douleur.	Ce précédent ne vaut pas immunité à toute magie ou toute blessure. La provenance complète, les modalités d'enchantement et la disponibilité après l'épisode restent à préciser.	Bague protectrice portée par Victor, capable de le préserver de la formule de sécurité des sœurs sans supprimer toute douleur.
Bague d'immunité de Nicholas	Ring_of_Immunity	S01E17 S02E01	Nicholas obtient sous la contrainte la bénédiction de Patty sur une bague qui doit le protéger des pouvoirs de ses filles. Le voyage en 1975 permet de défaire cette bénédiction ; la bague ne le protège plus au présent. Son retour en Witch Trial ne démontre pas une protection restaurée.	L'immunité dépend de cet enchantement particulier et de sa chronologie. Ne pas la transformer en protection contre tous les êtres ou tous les dommages. La variante enchantée et la variante privée de bénédiction ont des propriétés différentes.	Bague dont la bénédiction de Patty protège Nicholas des pouvoirs de ses filles. Cette protection peut être annulée en agissant sur l'enchantement.
Amulette protectrice d'Anton et de P. Russell	Protection_Amulet	S02E14	Amulette liée à Anton et P. Russell, puis à l'histoire de Phoebe dans Pardon My Past. Elle protège contre une magie de sorcières, notamment la malédiction concernée par l'épisode. Le retrait de l'amulette modifie l'efficacité de cette protection lors des échanges entre passé et présent.	Le récit de 1924 et les corps concernés sont essentiels. Ne pas inférer un rayon protecteur collectif ou une résistance à toute magie démoniaque. Les transferts de corps relèvent aussi de formules distinctes.	Amulette protégeant son porteur contre la magie de sorcières, notamment la malédiction rencontrée dans Pardon My Past.
Amulettes jumelles de Leeza et Janna	Magical_Amulets	S03E20	Deux amulettes complémentaires confiées à des sorcières. Chacune procure une protection et gêne la localisation. Leur réunion avec une formule est présentée comme donnant une protection supérieure. Belthazor parvient à franchir la défense d'une amulette isolée.	L'invincibilité annoncée pour l'ensemble n'est pas une démonstration face à toutes les attaques. Ne pas confondre moitié, paire et rite accompli. Le devenir matériel final n'est pas suffisamment établi pour affirmer leur destruction.	Deux amulettes complémentaires de protection. Leur efficacité dépend de leur réunion et du rituel associé ; une amulette isolée possède déjà une défense limitée.
Amulettes de chasse aux sorcières de Jackman	Witch_Hunter_Amulets	S04E22	Jackman utilise des amulettes contre la magie des sorcières, sur lui puis disposées autour du manoir. Elles entravent les sœurs mais pas l'intervention démoniaque de Cole. Leur retrait du périmètre permet de mettre fin à l'entrave.	La protection contre les sorcières n'est pas une annulation de toute magie. Les commentaires du wiki sur ce que l'orbing de Paige aurait dû permettre sont des interprétations, pas une correction de la scène.	Amulettes capables d'entraver la magie des sorcières, portées ou disposées autour d'un périmètre. Leur effet ne couvre pas toute magie démoniaque.
Œil d'Aghbar	Eye_of_Aghbar	S06E15	Amulette protectrice portée par Bosk. Elle le préserve de la magie et des potions essayées par les sorcières. La boule de feu de Jinny détruit Bosk et l'amulette.	Le contre-exemple démoniaque interdit une immunité universelle. Après la destruction de l'exemplaire montré, sa présence dans un scénario ultérieur exigerait une provenance explicite.	Amulette protectrice contre la magie des sorcières et leurs potions. Cette protection ne résiste pas à la boule de feu démoniaque montrée dans I Dream of Phoebe.
Evil Eye — talisman de Nicolae	The_Evil_Eye	S05E06	Talisman qui amplifie et canalise les pouvoirs de son utilisateur. L'histoire de Nicolae et Lydia comporte un usage offensif ; Phoebe développe une expérience de prémonition astrale en lien avec le talisman et le déblocage de ses prémonitions. Ava en devient gardienne.	Distinguer l'amplification des capacités du porteur d'une liste de pouvoirs automatiquement attribués à tous. Ne pas confondre cet objet avec le pouvoir de Javna nommé Evil Eye. Le contexte culturel est celui de la fiction.	Talisman amplifiant et canalisant les capacités magiques de son utilisateur. Son effet dépend des pouvoirs qu'il peut mobiliser.
Amulette de Sarpedon	Sarpedon%27s_Amulet	S07E07	Sarpedon capture des anges gardiens dans une amulette afin de profiter de leur guidance et de leur protection. Phoebe s'empare de l'objet, le privant de cet avantage ; les gardiens peuvent être libérés.	Ces anges gardiens ne sont pas assimilables aux Êtres de lumière. Ne pas attribuer une invulnérabilité absolue ni une capacité infinie. Le devenir final de l'amulette reste moins documenté que celui de ses captifs.	Amulette capable de retenir des anges gardiens et de canaliser leur guidance protectrice. Les gardiens enfermés peuvent être libérés.
Pendentif de Valkyrie	Valkyrie_Pendant	S06E01 S06E02	Pendentif utilisé pour accéder à Valhalla et prendre l'apparence ou l'état de Valkyrie. L'expérience de Piper s'accompagne d'un effacement affectif et d'une perte d'attaches, dans le contexte de sa souffrance. Ses capacités antérieures ne disparaissent pas toutes.	Ne pas transposer toute la psychologie de Piper à chaque porteuse. Accès au lieu, transformation et capacités propres restent distincts. Ni un effacement universel immédiat des émotions ni une suppression totale des pouvoirs n'est établi.	Pendentif lié aux Valkyries, permettant l'accès à Valhalla et une transformation de sa porteuse.
Totem des trois singes	Monkey_Totem	S05E20	Totem de Kheel détourné par la Crone. Un singe s'anime pour voler la vue de Piper, l'ouïe de Phoebe et la voix de Paige ; les pertes se manifestent lorsqu'elles en ont besoin. La Crone exploite les sens dérobés avec sa propre magie. La destruction finale accompagne leur restitution.	Ne pas confondre voix et totalité de la communication. L'utilisation des sens par la Crone ne confère pas automatiquement ses perceptions à tout détenteur du totem. La séquence d'activation requiert davantage qu'une simple proximité.	Totem capable de dérober la vue, l'ouïe et la voix par l'intermédiaire d'un singe animé.
Talisman chinois contre les esprits	Chinese_Talisman	S01E04	Talisman posé à une entrée pour écarter les esprits. Mark, pourtant allié, ne peut franchir la protection chez Tony tant que Piper ne retire pas le talisman.	La protection n'est pas limitée aux esprits hostiles. Ce précédent n'établit pas une barrière contre les démons, les êtres vivants ou toutes les entités surnaturelles.	Talisman placé à une entrée pour empêcher le passage des esprits, y compris d'un esprit bienveillant.
Talismans de Ruth Cobb	All_Halliwell%27s_Eve;Broomstick	S03E04	En 1670, Ruth Cobb utilise des talismans qui détectent ou repoussent les sorcières. Phoebe mobilise un balai enchanté pour faire tomber ces protections.	Le contexte de Samhain et l'enchantement du balai doivent être conservés. Ne pas attribuer ce contournement à n'importe quel balai ni étendre les talismans à toutes les espèces magiques.	Talismans employés par Ruth Cobb pour détecter ou repousser les sorcières.
Talisman du sorcier-guérisseur	Witch_Doctor%27s_Talisman	S05E13	Objet utilisé par le Witch Doctor de House Call pour retirer et recueillir les résidus maléfiques accumulés au manoir après les attaques.	Le sort qui amplifie les obsessions des sœurs est une autre action du personnage. Posséder ce talisman ne suffit pas à disposer de ce sort. Capacité de stockage et catégories exactes d'entités capturables non établies.	Talisman utilisé pour retirer et recueillir les résidus maléfiques d'un lieu.
Baguette de Tuatha	Tuatha%27s_Wand	S02E06	Baguette liée à Tuatha et à Kyle, l'Élu capable de la vaincre. Elle canalise l'intention ; la confiance de Kyle compte dans son utilisation. L'ambre de la baguette se brise à l'issue de la confrontation et l'objet perd sa magie.	Ne pas en faire une machine réalisant tout souhait pour tout porteur. L'objet intact et sa version privée de magie ne sont pas interchangeables. La prétendue potion de courage ne constitue pas une propriété de la baguette.	Baguette canalisant l'intention, liée à Tuatha et à l'Élu. Sa magie dépend notamment de l'intégrité de son ambre.
Baguette de Gammill	Gammill;Size_Matters/Plot	S04E05	Gammill emploie une baguette alimentée par l'électricité pour miniaturiser ses victimes et réduire leur puissance. Une attaque de Piper peut fournir l'énergie nécessaire. Les sœurs utilisent ensuite le dispositif contre Gammill ; sa destruction accompagne leur retour à la taille normale.	La réduction des pouvoirs n'est pas une suppression absolue. Ne pas supposer un rayon inverse universel ni attribuer la croissance spontanée à toute manipulation de la baguette. L'espèce exacte de Gammill n'est pas établie ici.	Baguette activée par une énergie électrique, capable de miniaturiser une cible et d'affaiblir ses pouvoirs.
Baguette de Rathmere	Rathmere%27s_Wand	S06E18	Baguette conservée à l'École de magie et liée à Rathmere. Une tentative de retrouver son propriétaire par son intermédiaire échoue ; Rathmere est mort.	L'objet est nommé et rattaché à un détenteur, mais ses effets propres ne sont pas décrits avec assez de précision. Ne pas lui attribuer tous les sorts de Rathmere ou une capacité offensive inventée. Fiche d'identification, pas ressource à pouvoirs établis.	Baguette ayant appartenu à Rathmere et conservée à l'École de magie. Ses propriétés propres restent à documenter.
Excalibur	Excalibur	S06E08 S06E23	Épée dont Wyatt est présenté comme le détenteur légitime. Piper la retire temporairement du rocher ; un détenteur illégitime risque d'être corrompu. Piper décide de la remettre dans la pierre jusqu'à ce que Wyatt soit prêt.	Cette décision maternelle n'est pas une interdiction magique universelle avant la majorité. L'image de Wyatt liée à la peur en fin S06 n'établit pas à elle seule une histoire réelle de l'épée. Exclure l'Empyreal Sword et les développements des comics.	Épée liée au destin de Wyatt, son détenteur légitime. Sa puissance et les risques de corruption dépendent de celui qui la manie.
Lame du Dragon	Dragon_Blade	S04E04 S06E10	Arme employée dans Enter the Demon pour retirer et retenir une âme. Paige récupère l'âme de Piper par télékinésie orbitale. Yen Lo est capturé ; le Maître emporte l'arme vers le passage de réincarnation.	Le pouvoir de récupération de Paige n'appartient pas à l'arme. Une pièce exposée dans le futur de Chris-Crossed pourrait être un exemplaire apparent ou une réplique : continuité matérielle incertaine. Ne pas déclarer l'arme détruite faute de retour montré.	Lame capable de retirer et de retenir une âme, distincte du corps de sa victime.
Épée de cristal de Gabriel	Crystal_Sword	S01E16	Arme de Gabriel Statler, Seigneur de la guerre, associée à l'absorption d'âmes et de leurs qualités. Gabriel peut l'appeler ; la protection décrite contre les armes humaines dépend de son usage. Sa propre épée finit par le tuer et disparaît avec lui.	Ne pas attribuer automatiquement l'ensemble de la nature de Gabriel à tout porteur. Le précédent de Brianna, qui l'en avait séparé, montre l'importance de distinguer être armé et être désarmé.	Épée de cristal liée à Gabriel, capable d'absorber des âmes et de renforcer son détenteur dans les conditions décrites pour lui.
Athamé absorbant les pouvoirs	Power-Sucking_Athame;Witch_Wars_%28episode%29/Plot	S06E21	Les participants de Witch Wars utilisent un athamé qui absorbe des pouvoirs et peut les transmettre à son porteur. Phoebe reçoit ainsi des pouvoirs démoniaques, qui affectent son comportement. Paige les retire en la poignardant avec l'athamé, Leo étant prêt à la soigner.	Une description centrée sur les victimes tuées ne prouve pas que leur mort est toujours nécessaire : Phoebe survit. Ne pas conclure non plus que chaque simple contact extrait tous les pouvoirs. Cet athamé est distinct d'une lame rituelle ordinaire.	Athamé capable d'absorber des pouvoirs et de les transmettre à son porteur. Des pouvoirs démoniaques absorbés peuvent altérer son comportement.
Athamé maudit des pirates	Cursed_Athame	S07E04	Lame de Black Jack dont une blessure entraîne un vieillissement accéléré. Brenda succombe ; Paige et les pirates sont concernés par la malédiction. L'eau de la Fontaine de Jouvence intervient dans son renversement.	Distinguer vieillissement, durée de vie et immortalité des pirates. L'exemple d'un remède ne prouve ni que toute eau agit ni que tout autre moyen serait impossible. Ne pas confondre avec l'athamé de Witch Wars.	Lame maudite dont les blessures provoquent un vieillissement accéléré.
Athamé enchanté de Gideon	Athame	S06E23	Gideon prépare une lame pour franchir la protection de Wyatt. Dans la confrontation, elle blesse mortellement Chris.	La fonction vise la défense de Wyatt dans cette intrigue : ne pas généraliser à toutes les barrières. Aucun pouvoir de vieillissement ou de collecte des pouvoirs n'est établi pour cette lame. L'Ancient Athame des comics est un autre objet.	Lame enchantée par Gideon pour pénétrer la protection de Wyatt.
Cœur en étain de Melinda	Pewter_Heart	S01E09	Médaillon-prison dans lequel Melinda enferme Matthew. Prue, descendante de Melinda, le libère en ouvrant le cœur. Le nouvel enfermement nécessite les moyens magiques de Melinda ; le cœur repart avec elle.	La fermeture matérielle seule ne suffit pas à établir un pouvoir de capture générique. Distinguer l'ouverture par la lignée concernée de toute ouverture par n'importe qui. Disponibilité après l'épisode à justifier.	Cœur en étain ayant servi de prison magique à Matthew, lié à Melinda Warren et à sa descendance.
Urne égyptienne maudite	Egyptian_Urn	S01E11	Urne volée associée à une malédiction et à sa gardienne. Les voleurs sont poursuivis ; le geste désintéressé de Clay protégeant Phoebe change son sort. L'urne est destinée à être rendue au musée du Caire.	La propriété concerne la malédiction du vol et la cupidité, pas un pouvoir librement accordé au porteur. Ne pas confondre avec l'urne de pouvoirs divins de S05.	Urne égyptienne protégée par une malédiction liée au vol et à la cupidité, avec une gardienne surnaturelle.
Lanterne de collecte des pouvoirs	Magical_Lantern	S01E10	Lanterne utilisée pour recueillir les pouvoirs abandonnés par les sœurs dans Wicca Envy. La cession dépend d'une formule ; le rétablissement du Livre avec l'aide de Leo participe à leur retour.	La présence de la lanterne ne prouve pas une absorption passive à distance. Réutilisation, capacité maximale et procédure exacte de transfert à un autre porteur restent à vérifier.	Lanterne servant de réceptacle à des pouvoirs cédés par une formule.
Bouteilles de génie	Genie_Bottle	S02E22 S06E15	Deux intrigues présentent des bouteilles associées à un génie et à trois vœux. Le génie peut exploiter la formulation du souhait. En S06, libérer Jinny piège Phoebe à sa place ; la fin de S02 présente une liberté devenue vie mortelle sans ce même remplacement final.	Conserver les variantes plutôt qu'une règle unique de succession. Possession du contenant, statut du génie et vœux encore disponibles doivent être établis. Aucun souhait formulé par le joueur ne garantit sa réalisation littérale.	Bouteille liée à un génie qui exauce un nombre limité de vœux. Les conditions de liberté et les conséquences des souhaits dépendent du génie et de son enchantement.
Boîte de Pandore	Pandora%27s_Box	S07E18	Boîte contenant les maux que Nina, puis Hope, doivent garder. La charge passe à Hope après la mort de Nina ; l'objet tente sa gardienne et son ouverture libère les maux. La gardienne intervient aussi dans leur rappel.	L'affirmation d'indestructibilité par Katya reste une affirmation de personnage, pas une épreuve de tous les moyens. Ne pas confondre avec le Hollow ou le coffre des péchés. Un détenteur quelconque n'acquiert pas automatiquement les fonctions de la gardienne.	Boîte contenant des maux surnaturels et confiée à une gardienne. Elle exerce une tentation sur celle qui doit la garder fermée.
Coffre des sept péchés capitaux	Seven_Deadly_Sins	S03E18 S08E20	Coffre associé à des sphères qui contaminent leurs victimes par les péchés capitaux. L'influence amplifie une disposition jusqu'à des comportements dangereux. Dans Sin Francisco, le désintéressement intervient dans la libération ; l'orgueil de Prue constitue une exception importante.	Distinguer le contenant, les sphères et l'action de Lukas. Une recette uniforme fondée sur un seul geste altruiste ferait disparaître l'exception de l'orgueil. La réutilisation en S08 ne dispense pas d'établir le contenu disponible.	Coffre contenant des manifestations des sept péchés capitaux, capables d'amplifier dangereusement les dispositions des personnes qu'elles contaminent.
Baguette de Lukas	Sin_Francisco	S03E18	Lukas utilise une baguette pour ouvrir un passage vers un lieu de tourment. Prue peut s'en servir pour refermer le passage.	Le contre-usage montre qu'elle n'est pas exclusivement manipulable par Lukas. Il ne démontre pas un choix libre de n'importe quelle dimension, époque ou destination. La corruption par les péchés est distincte de cette fonction de passage.	Baguette employée par Lukas pour ouvrir un passage vers un lieu de tourment et susceptible de le refermer.
Cage de la Prophétesse	The_Seer%27s_Cage;Womb_Raider/Script	S04E21	Prison permettant une action magique vers l'intérieur tout en empêchant une attaque de sortir. Les sœurs peuvent y employer une protection : ce n'est pas un espace sans aucune magie. Après la confrontation explosive, Piper peut en sortir en forçant la cage.	L'indestructibilité annoncée doit être rapprochée de cette sortie après neutralisation. Les résumés ne départagent pas avec certitude le rôle de l'explosion et celui de la mort de la Prophétesse. Ne pas acter que toute mort du propriétaire détruit automatiquement sa cage.	Cage enchantée qui laisse entrer la magie tout en empêchant des attaques magiques de sortir. Son confinement dépend du maintien de son enchantement.
Cage aquatique de la Crone	Sense_and_Sense_Ability;Sense_and_Sense_Ability/Script	S05E20	La Crone enferme Leo dans un récipient rempli d'eau pour l'empêcher d'avertir les sœurs. Piper brise le contenant et permet sa libération.	Cette cage ne partage pas automatiquement les propriétés de celle de la Prophétesse. Le précédent établit la captivité de Leo dans ce dispositif, pas une capture universelle de toute entité par toute eau.	Prison aquatique utilisée par la Crone pour retenir Leo ; son contenant peut être brisé.
Urne des pouvoirs divins	Urn_of_Divine_Powers	S05E22 S05E23	Réceptacle de puissances divines que Leo mobilise pour transformer temporairement les sœurs en déesses lors de la menace des Titans. Il reprend ensuite ces pouvoirs.	L'urne conserve des puissances disponibles ; elle n'en fabrique pas à l'infini. Détention du récipient, invocation et choix des bénéficiaires restent distincts. Les effets psychologiques des transformations doivent être suivis selon chaque sœur.	Urne contenant des puissances divines susceptibles d'être conférées temporairement à des bénéficiaires par un intermédiaire capable de les mobiliser.
Maison de poupées Halliwell	Doll_House	S07E17 S08E13	Réplique du manoir utilisée comme espace de captivité miniature. En S07, Wyatt réduit ses parents et les protège ; en S08, des démons exploitent un dispositif de miniaturisation et des doubles pour détourner les pouvoirs des sœurs. Une communication extérieure est possible via la planchette spirite.	La réduction, la protection et le vol de pouvoirs dépendent d'intervenants et de dispositifs précis : la maquette ne les produit pas tous spontanément. Sa destruction et la libération doivent rester liées à l'intrigue concernée, sans fusionner les deux épisodes.	Réplique miniature du manoir pouvant servir d'espace de confinement lorsqu'elle est associée à une magie de miniaturisation.
Tableau maudit de Nell	Cursed_Painting	S02E03	Tableau contenant une prison pour Malcolm. Une inscription cachée sous la peinture attire à l'intérieur celui qui la lit ; une autre formule permet la sortie. Brûler le tableau menace ceux qui s'y trouvent.	Le seul regard porté sur l'image n'est pas établi comme déclencheur. Les captifs et les textes d'entrée et de sortie comptent. Sa destruction finale interdit de supposer l'exemplaire intact après l'épisode sans justification.	Tableau-prison dont une inscription provoque l'entrée. Sa matière reste liée au sort des personnes enfermées.
Roman Crossed, Double-Crossed	Crossed%2C_Double-Crossed	S07E08	Roman enchanté de Mullen qui attire des lecteurs dans son intrigue noire. Les pouvoirs actifs y sont neutralisés. Depuis l'extérieur, des personnages peuvent écrire des rebondissements, mais les protagonistes doivent accomplir l'histoire ; un mort n'en ressort pas vivant.	Écrire une fin arbitraire ne garantit pas de libérer les captifs. L'achèvement de l'histoire et sa neutralisation affectent la réutilisation du livre. Ce fonctionnement fictionnel n'est pas une règle générale à imposer au jeu.	Roman enchanté capable d'enfermer des lecteurs dans son histoire, où leurs pouvoirs actifs sont neutralisés. Le récit peut être influencé depuis l'extérieur.
Appareil photo de Vaklav	Vaklav%27s_Camera;The_Lost_Picture_Show/Plot;The_Lost_Picture_Show/Script	S08E07	Appareil qui emprisonne les personnes photographiées dans des images assemblées par Vaklav. Paige peut l'utiliser contre son propriétaire. Le résumé détaillé et la transcription indexée placent la libération de Sam, puis des autres captifs, lorsque Paige l'appelle « Dad », avant la photographie qui piège Vaklav.	La formulation de la page de l'objet doit être nuancée par cette chronologie : photographier Vaklav n'est pas la cause de la libération collective décrite. Le lien entre Paige et Sam est invoqué dans le dialogue ; sa généralisation à tout captif n'est pas établie. Aucun visionnage effectué.	Appareil photo capable de piéger des personnes dans ses images, y compris lorsqu'il est retourné contre son propriétaire.
Planchette spirite des Halliwell	Spirit_Board	S01E01 S02E21 S08E13	Support de communication surnaturelle qui guide Phoebe vers le grenier au début de la série. Dans Repo Manor, les sœurs miniaturisées peuvent communiquer avec Billie par son intermédiaire : les correspondants ne sont donc pas nécessairement des morts. La planchette peut être endommagée.	La réponse reçue ne certifie pas à elle seule l'identité, l'exhaustivité ou l'honnêteté de l'interlocuteur. La disponibilité du support et l'existence d'un interlocuteur doivent être distinguées.	Planche et curseur permettant une communication surnaturelle, y compris avec des personnes vivantes dans certaines situations magiques.
Alliance ensorcelée de Grams	Grams%27s_Ring	S04E12 S08E20	Bague qui impose à Phoebe un idéal de femme au foyer et modifie son apparence jusque dans une représentation en noir et blanc. Son influence entrave aussi sa volonté de s'en séparer ; le retrait met fin à la transformation.	Ce n'est pas la bague à fleur utilisée dans Witchstock. L'effet provient d'un enchantement et du modèle de comportement qu'il véhicule, pas d'une propriété générale de toute alliance familiale.	Alliance ensorcelée qui pousse sa porteuse à incarner un idéal de femme au foyer et peut transformer son apparence.
Vêtements de Grams renvoyant à leur propriétaire	Grams%27s_Go-Go_Boots;Witchstock	S06E11	Les bottes de Grams portent un enchantement de retour à leur propriétaire : Paige est renvoyée en 1967. Piper utilise les boucles d'oreilles et Phoebe une bague à fleur dans la même intrigue. Penny retire les objets pour permettre leur retour.	Trois accessoires nommés, un mécanisme familial regroupé ici : bottes, boucles d'oreilles, bague à fleur. Aucun choix libre d'époque n'est démontré. Ne pas confondre la bague à fleur avec l'alliance de Lost and Bound.	Accessoires de Grams portant un enchantement de retour à leur propriétaire, capable de ramener leur porteuse à une époque antérieure.
Bâton mystique de Bouddha	Buddha%27s_Mystical_Staff	S08E14	Objet transmis entre gardiens du zodiaque au nouvel an. Il peut projeter la volonté et l'état intérieur de son détenteur, avec des effets même involontaires. Son passage à minuit constitue un moment de vulnérabilité exploité dans l'intrigue.	L'effet dépend du porteur et de ses intentions ; ne pas en faire un contrôle parfaitement précis. La garde et la transmission font partie de sa disponibilité. Le nom et la mythologie sont ceux de la fiction, pas une affirmation sur le bouddhisme réel.	Bâton mystique capable de projeter la volonté de son détenteur, avec des effets qui peuvent dépasser ses intentions conscientes.
Ceinture dorée de Gaïa	Golden_Belt_of_Gaea	S08E08	Ceinture associée à Hippolyta. Elle amplifie notamment force, vitesse et capacités offensives de Billie, mais sa puissance menace sa santé et son équilibre mental. Zira, maléfique, est détruite lorsqu'elle essaie de la porter. Un sort intervient pour en débarrasser Billie.	Ne pas traiter tous les porteurs comme compatibles ni cet équipement comme sans coût. Les capacités propres de Billie, notamment la projection, ne doivent pas toutes être attribuées à la ceinture.	Ceinture amplifiant fortement les capacités de sa porteuse, au risque d'épuiser sa vie et sa raison. Elle n'est pas compatible avec tout être.
Cristal de Kasimar	Crystal_of_Kasimar;Battle_of_the_Hexes/Script	S08E08	Sollal évoque un cristal dont les pouvoirs seraient dormants en cherchant l'origine d'une émission magique. Il comprend ensuite qu'il s'agit de la ceinture de Gaïa. Le nom apparaît aussi avec la graphie Kazimar dans une transcription.	Mention d'existence, sans démonstration d'un effet du cristal. Ne pas lui attribuer les pouvoirs de la ceinture. Réveil, activation et capacités ne sont pas établis ; conserver comme objet à documenter plutôt que comme ressource fonctionnelle.	Cristal mentionné comme porteur de pouvoirs dormants. Sa fonction et son activation restent inconnues dans les éléments relevés.
Cristaux Ronyx	Ronyx_Crystal;Witch_Wars_%28episode%29/Script;Witch_Wars_%28episode%29/Plot	S06E21	Dispositifs de surveillance de Witch Wars : cristaux noirs pour observer, rouges pour projeter les images. Gideon fabrique une page explicative ; pendant que Phoebe lit la prétendue formule, il fait discrètement un geste qui active la projection.	L'efficacité de la formule n'est pas démontrée indépendamment de Gideon. Sa présentation d'une origine très ancienne est aussi intéressée : ne pas la valider comme histoire certaine. Portée, enregistrement et accès à des lieux protégés restent à contextualiser.	Cristaux de surveillance et de projection d'images, employés en réseau dans Witch Wars.
Cristal de paranoïa	Paranoia_Crystal	S07E12	Cristal transmis à Kyle par Zankou pour susciter la paranoïa. Le contact permet une contamination qui peut ensuite passer entre les sorcières. La destruction de l'objet met fin à cette influence dans l'épisode.	Les récits historiques racontés par Zankou ne sont pas des événements montrés. Ne pas assimiler suspicion ordinaire et contamination, ni fixer un rayon de diffusion. La propagation requiert les contacts et circonstances du précédent.	Cristal capable d'induire une paranoïa contagieuse par contact dans les conditions décrites pour son usage.
Cristal des rêves	Dream_Crystal;Dream_Leaping	S08E19	Billie utilise un cristal pour entrer dans les rêves des sœurs et en ressortir. Plusieurs dormeuses proches peuvent être concernées. L'endormissement profond résulte d'un autre moyen ; le cristal sert au déplacement dans les rêves.	La page Dream Leaping annonce un maximum de trois, tandis que Dream Crystal parle de plusieurs personnes proches. Trois cas dans une scène ne prouvent pas un plafond : garder ce point incertain. Aucun contrôle intégral du contenu des rêves établi.	Cristal permettant d'entrer dans les rêves de dormeurs proches et d'en ressortir.
Cristaux de pyrite d'alarme	Crystal	S06E11	Des cristaux de pyrite sont employés pour signaler une présence maléfique par un effet sonore ou harmonique dans Witchstock.	Détection ne signifie pas blocage physique de l'entrée. Préparation et emplacement sont à conserver selon l'épisode ; aucun rayon universel ou identification nominative de l'intrus établi.	Cristaux employés dans un dispositif d'alarme signalant une présence maléfique.
Cristaux de dissimulation	Cloaking	S06E17 S08E17	Des configurations de cristaux servent à masquer une présence aux recherches magiques. Le retrait d'un élément peut rompre le dispositif.	Dissimuler à une recherche ne signifie pas empêcher une entrée, rendre invisible à l'œil ou annuler une attaque. Ces effets dépendent de la configuration et ne sont pas ceux de tout cristal isolé.	Cristaux disposés pour dissimuler une présence à certaines recherches magiques.
Dispositif de cristaux de Burke	Vaya_Con_Leos/Script	S08E10	Burke utilise des cristaux insérés et manipulés dans un dispositif pour immobiliser puis conserver ses victimes comme trophées ; Leo est placé dans cet état. Le dialogue distingue la capacité de torturer de celle de réaliser cette congélation.	Les gestes, l'installation et le savoir de Burke comptent. Un cristal transporté seul ne vaut pas machine complète. L'intervention ultérieure de l'Ange du destin sur Leo n'est pas une propriété du dispositif.	Dispositif à cristaux employé par Burke pour immobiliser et conserver des victimes dans un état de congélation magique.
Boule de cristal de Gideon	Witch_Wars_%28episode%29/Script	S06E21	Gideon observe les sœurs, Leo et Chris dans une boule de cristal à l'École de magie ; un geste met fin à la vision.	Cette boule ne se confond pas avec les cristaux Ronyx de la même intrigue. L'usage montré ne prouve pas l'observation de toute personne, de tout lieu ou de toute époque, ni la connaissance des pensées.	Boule de cristal employée par Gideon pour observer à distance des personnes dans le contexte de l'École de magie.
Lumière de l'amour éternel	The_Light_of_Eternal_Love	S03E16	Objet lumineux associé au mariage de Piper et Leo et au symbole de leur amour éternel. Il se brise au cours de l'épisode.	Un symbole magique de l'amour ne crée pas nécessairement l'amour et n'en garantit pas le devenir. Aucun pouvoir de contrainte affective établi. L'état brisé doit être pris en compte après ce précédent.	Lumière magique liée symboliquement à l'amour éternel de Piper et Leo.
Sablier de Tempus	Hourglass	S01E22	Sablier associé aux reprises temporelles orchestrées par Tempus lors des échecs de Rodriguez. Le déclenchement relève de leur dispositif et de l'action du démon.	Ne pas attribuer au seul sablier un nombre illimité de retours utilisables par n'importe quel porteur. Déclencheur, souvenirs conservés et durée du cycle doivent rester ceux de l'intrigue étudiée.	Sablier associé à la magie de Tempus et à ses cycles de retour dans le temps.
Miroir entre les deux mondes	Mirror_Between_Worlds	S06E22 S06E23	Miroir permettant des échanges entre les versions de Gideon et de son monde opposé. Les interactions dépassent l'image seule, notamment dans les échanges observés. Les Leo détruisent le lien des miroirs.	Ne pas assimiler automatiquement ce miroir à tous les portails de voyage des épisodes. Il relie cette paire de mondes ; aucun sélecteur universel de dimension établi. Sa destruction affecte sa disponibilité.	Miroir mettant en relation deux mondes opposés et permettant des échanges entre leurs correspondants.
Miroir de Kali	Mirror	S01E07	Kali apparaît par un miroir et agit sur Aviva, jusqu'à la possession. Briser le miroir intervient dans son bannissement.	Les pouvoirs de Kali ne deviennent pas tous des fonctions du miroir. Ne pas confondre cet objet avec le miroir de conte ou celui des mondes opposés. Un miroir ordinaire peut interagir avec la magie sans être cet artefact.	Miroir servant de point de contact à Kali pour apparaître et agir sur une personne.
Miroir magique des contes	Magic_Mirror	S05E03	Miroir-prison de la sorcière des contes. Sa destruction permet sa libération ; elle le rétablit et y enferme l'apprenti. Dans cette configuration, il sert de moyen d'interrogation et de vision. La mort de la sorcière libère l'apprenti.	Les fonctions dépendent de l'enchantement et de la personne enfermée. Ne pas en faire une réponse omnisciente et autonome à toute question. La libération par bris peut aussi libérer un danger.	Miroir enchanté pouvant emprisonner un être et servir de moyen de vision ou d'interrogation dans la magie des contes.
Livre magique des contes	Fairy_Tale_Book;Happily_Ever_After	S05E03	Livre original gardé avec les objets des contes, qui permet d'en mobiliser des personnages. Une copie ordinaire des Halliwell intervient aussi comme support de passage en combinaison avec la cape rouge et une magie appropriée.	Ne pas assimiler l'original magique à tout exemplaire imprimé des mêmes histoires. Les pouvoirs des personnages appelés ne sont pas ceux du papier seul. Distinguer appel et contrôle durable du personnage.	Livre magique lié aux personnages des contes et à leur manifestation. Il se distingue des copies ordinaires de ces histoires.
Pomme empoisonnée des contes	Poisoned_Apple	S05E03	Pomme d'apparence attirante qui place Paige dans un état évoquant la mort de Blanche-Neige après une bouchée. La guérison ordinaire tentée ne suffit pas ; la fin de l'enchantement de la sorcière la libère.	Ne pas annoncer le baiser comme seule solution : le récit emploie une autre résolution. Une résistance au soin essayé n'établit pas une impossibilité de tout soin magique. L'effet relève de cette pomme ensorcelée.	Pomme ensorcelée dont une bouchée peut plonger sa victime dans un état de mort apparente résistant aux soins essayés dans l'épisode.
Pantoufles de verre	Glass_Slippers	S05E03	Les pantoufles transforment Phoebe en figure de Cendrillon et entraînent ses pas vers le bal. La disparition de la dernière chaussure dépend de la résolution affective de son histoire avec Cole.	La contrainte sur les pas ne signifie pas une suppression de toute conscience. Ne pas imposer une relation amoureuse comme condition universelle de délivrance : le pardon et le contexte comptent.	Pantoufles enchantées qui transforment leur porteuse en Cendrillon et orientent ses pas selon la magie du conte.
Cape rouge des contes	Red_Cloak	S05E03	Cape liée au Petit Chaperon rouge. Elle peut servir avec le livre de contes à un passage vers l'espace magique de l'intrigue. Des cheveux associés au dispositif permettent aussi un leurre pour une recherche magique.	Les effets proviennent de la combinaison des éléments et de la magie employée ; la cape seule n'est pas un portail autonome établi. Un lien de localisation peut conduire vers un leurre.	Cape enchantée liée au Petit Chaperon rouge, utilisable avec le livre de contes dans une magie de passage.
Carrosse-citrouille	Phoebe_Halliwell/Magical_Transformations	S05E03	Phoebe est enfermée dans un carrosse qui redevient citrouille à minuit dans l'intrigue de Cendrillon.	Cette transformation programmée appartient au conte activé. Ne pas attribuer une téléportation ou un transport entre dimensions au véhicule sans scène supplémentaire. Il ne s'agit pas de n'importe quelle citrouille.	Carrosse enchanté du conte de Cendrillon, qui reprend sa forme de citrouille à minuit.
Bâton de leprechaun — shillelagh	Shillelagh	S05E17 S06E18 S08E20	Bâton employé par les leprechauns dans leur magie de chance et de déplacement par arc-en-ciel. Paige reçoit celui de Seamus ; ce lien permet d'appeler Riley. Les leprechauns peuvent reprendre les objets qu'ils ont confiés.	Le don, la révocation et les capacités du détenteur comptent. Ne pas transformer une influence sur la chance en certitude de résultat. Exclure les développements des comics liés à d'autres armes.	Bâton de leprechaun lié à la magie de chance et aux déplacements par arc-en-ciel ; un exemplaire confié peut aussi servir de lien d'appel.
Baguette de capture des phantasmes	Crimes_and_Witch-Demeanors	S06E19	Paige et Chris utilisent une baguette pour capturer un phantasme après son expulsion par une potion.	Séparer l'expulsion de l'être possédé et la capture de l'entité libérée. La baguette n'est pas démontrée comme exorcisme autonome ni comme prison de toute espèce d'esprit.	Baguette utilisée pour capturer un phantasme déjà expulsé de son hôte.
Poussière du marchand de sable	Dream_Dust	S05E14	Poudre employée auprès des dormeurs pour leur activité onirique. Un excès de poussière provoque la manifestation de figures issues des rêves dans Sand Francisco Dreamin'.	Ne pas assimiler production de rêves, endormissement et maîtrise de leur contenu. Le surdosage n'est pas une recette sûre de création d'un être choisi. Quantités exactes non établies.	Poussière liée aux rêves des dormeurs, dont un excès peut faire apparaître des figures oniriques.
Poussière de fée	Fairy;Cloaking	S03E03 S05E22 S05E23	La poussière de fée intervient dans l'accès à une perception enfantine, dans une combinaison destinée à renverser une pétrification et dans la dissimulation d'Êtres de lumière supérieurs lors de la menace des Titans.	Les usages reposent sur des contextes et parfois des ingrédients associés. Ne pas attribuer à la poudre seule toutes les propriétés de la formule contre la pétrification. Les quantités, la réserve et le renouvellement restent à définir selon la provenance.	Poussière féerique employée dans plusieurs magies de perception, de dissimulation ou de transformation, selon sa préparation et les éléments associés.
Fiole de capture d'âme	Coma_Induction_Potion	S06E01 S06E02	Une fiole retient l'âme de Darryl séparée de son corps pendant l'opération liée à Valhalla. La séparation dépend d'une potion et le corps reste vivant.	Distinguer induction de l'état, séparation de l'âme, conservation dans la fiole et réunification avec le corps. Une fiole vide ne provoque pas à elle seule une séparation d'âme. Aucun délai universel de conservation établi.	Fiole employée pour conserver une âme préalablement séparée d'un corps vivant.
Scarabées égyptiens de transfert	Egyptian_Scarabs	S05E10	Scarabées placés sur les corps dans le rite de Jeric destiné au transfert d'Isis. Les objets fonctionnent au sein d'une procédure de transfert, avec une formule.	Ne pas confondre conservation corporelle, momification et transfert d'identité. Les deux corps, l'identité transférée et le rite sont nécessaires à l'analyse ; les scarabées seuls ne confèrent pas l'immortalité.	Scarabées rituels utilisés par Jeric sur les corps impliqués dans un transfert d'identité.
Cercle de vérité du Tribunal	The_Circle_of_Truth	S06E19	Dispositif du Tribunal servant à projeter des souvenirs ou événements examinés durant le procès des sœurs.	Un dispositif judiciaire ancré dans son lieu n'est pas automatiquement une carte transportable. La restitution d'un souvenir ne prouve pas la connaissance de tout événement absent de celui-ci. Activation et personnes impliquées à conserver.	Dispositif du Tribunal permettant de présenter des souvenirs sous forme de projections lors d'un examen.
Liste de la Mort	Death%27s_List	S07E05	Liste des personnes que l'Ange de la Mort doit recueillir ; Piper y accède pendant son rôle temporaire. Son contenu et ses priorités évoluent avec la situation.	Ne pas inverser la causalité : écrire un nom ne constitue pas ici un pouvoir de tuer et l'effacer ne démontre pas une résurrection. Accès au document et fonction d'Ange de la Mort restent distincts.	Liste évolutive liée aux personnes que l'Ange de la Mort doit recueillir.
Balai enchanté de Phoebe	Broomstick	S03E04	Dans le contexte de 1670 et de Samhain, Phoebe enchante un balai et l'emploie notamment contre des protections ; l'épisode comporte aussi son usage comme moyen de vol.	Le support ordinaire devient magique par cette préparation. Ne pas déduire que tous les balais du manoir volent ou neutralisent toute barrière. Le contexte historique et rituel doit être documenté pour une réutilisation.	Balai enchanté pouvant servir de support de déplacement et d'action magique dans le contexte de Samhain.
Grimoire de Tuatha	Tuatha%27s_Grimoire	S02E06	Livre de magie de Tuatha contenant des formules, dont une action relative à la suppression des pouvoirs.	Le contenu consultable ne s'exécute pas automatiquement. Aucune défense autonome analogue au Grimoire de la Source n'est établie. Le devenir de l'exemplaire après l'épisode reste à préciser.	Grimoire de Tuatha contenant des formules magiques, notamment liées aux pouvoirs.
Grimoire des Phoenix	Phoenix_Grimoire	S06E10	Livre lié aux sorcières Phoenix, dissimulé puis appelé dans l'intrigue de Bianca et de sa mère. Une formule d'inhibition des pouvoirs intervient dans son contenu.	L'objet de tournage réutilisé depuis le grimoire de Tuatha ne prouve pas qu'il s'agit du même livre dans l'histoire. Possession du livre et aptitude à réaliser sa formule sont distinctes.	Grimoire des sorcières Phoenix, contenant notamment une formule liée à l'inhibition des pouvoirs.
Camion du marchand de glaces	We_All_Scream_for_Ice_Cream/Plot;We_All_Scream_for_Ice_Cream/Script	S03E10	Véhicule dont la mélodie attire les enfants démoniaques vers un espace intérieur où le Néant les poursuit. Prue et Phoebe y sont aussi entraînées. Leurs pouvoirs actifs ne fonctionnent pas, mais Phoebe a une prémonition. Victor peut ouvrir un accès qui résiste à Prue.	Le Néant ne distingue pas le Bien du Mal. Ne pas dire que tous les pouvoirs, y compris passifs, sont annulés. Le camion, son composant musical, son opérateur et l'espace intérieur sont distincts ; ce n'est pas un véhicule de téléportation libre.	Camion magique attirant des enfants démoniaques vers un espace de captivité dangereux, susceptible d'engloutir aussi d'autres personnes.
Sceptre de moralité de l'Ordre	Morality_Scepter	S06E12	L'Ordre emploie un sceptre pour faire basculer Wyatt vers le Mal ; plusieurs tentatives précèdent le résultat. Piper l'utilise ensuite pour rétablir son orientation bénéfique.	Ce changement ne prouve pas un contrôle détaillé de toutes les pensées ou de toutes les décisions. Le nombre de tentatives observé n'est pas un coût fixe applicable à toute cible. La résistance et les conditions d'usage contre d'autres êtres restent à établir.	Sceptre capable de modifier l'orientation morale d'un être vers le Bien ou le Mal, avec un effet réversible dans le cas montré.
